{
	"description": "项目配置文件",
	"packOptions": {
		"ignore": []
	},
	"setting": {
		"urlCheck": false,
		"es6": true,
		"postcss": true,
		"minified": true,
		"newFeature": true,
		"autoAudits": false
	},
	"compileType": "miniprogram",
	"libVersion": "2.6.4",
	"cloudfunctionRoot": "functions/",
	"appid": "wxf5c5096d0f63d503",
	"projectname": "%E7%82%B9%E9%A4%90%E5%B0%8F%E7%A8%8B%E5%BA%8F",
	"debugOptions": {
		"hidedInDevtools": []
	},
	"isGameTourist": false,
	"simulatorType": "wechat",
	"simulatorPluginLibVersion": {},
	"condition": {
		"search": {
			"current": -1,
			"list": []
		},
		"conversation": {
			"current": -1,
			"list": []
		},
		"plugin": {
			"current": -1,
			"list": []
		},
		"game": {
			"currentL": -1,
			"list": []
		},
		"miniprogram": {
			"current": 5,
			"list": [
				{
					"id": 1,
					"name": "我的订单",
					"pathName": "pages/myOrder/myOrder",
					"query": "",
					"scene": null
				},
				{
					"id": 1,
					"name": "首页",
					"pathName": "pages/index/index",
					"query": "",
					"scene": null
				},
				{
					"id": 3,
					"name": "我的评价",
					"pathName": "pages/mycomment/mycomment",
					"query": "",
					"scene": null
				},
				{
					"id": -1,
					"name": "下单",
					"pathName": "pages/buy/buy",
					"query": "",
					"scene": null
				},
				{
					"id": -1,
					"name": "确认订单",
					"pathName": "pages/confirmOrder/confirmOrder",
					"query": "",
					"scene": null
				},
				{
					"id": -1,
					"name": "修改",
					"pathName": "pages/change/change",
					"scene": null
				}
			]
		}
	}
}